키워드,토픽_클러스터,검색_의도,우선순위,관련_도구,타겟_독자,콘텐츠_유형,소프트셀_연결_포인트
마케팅 예산 배분,예산·배분,정보성,상,예산 배분 시뮬레이터,퍼포먼스 마케터,실무 가이드,채널별 한계효용으로 최적 배분안 자동 계산
광고 예산 최적화 방법,예산·배분,정보성,상,예산 배분 시뮬레이터,퍼포먼스 마케터,실무 가이드,손계산 대신 곡선 기반 배분 시뮬레이션
채널별 예산 분배 기준,예산·배분,정보성,중,예산 배분 시뮬레이터,그로스 마케터,체크리스트,효율 순 배분의 함정과 한계효용 관점
ROAS 개선 방법,ROAS·효율,거래형,상,운영 대시보드·포화도 진단,퍼포먼스 마케터,How-to,어디서 효율이 새는지 진단 후 재배분
ROAS 계산 방법,ROAS·효율,정보성,중,운영 대시보드,주니어 마케터,기초 개념,지표 정의부터 대시보드로 자동 계산
CPA 낮추는 법,ROAS·효율,거래형,상,포화도 진단·PVM,퍼포먼스 마케터,How-to,CPA 상승 원인을 믹스/효율로 분해
광고 효율 분석,ROAS·효율,정보성,중,운영 대시보드,퍼포먼스 마케터,실무 가이드,스코어카드·이상탐지로 효율 모니터링
광고 포화 상태 판단,포화·한계효율,정보성,중,캠페인 포화도 진단,퍼포먼스 마케터,실무 가이드,한계 CPA÷평균 CPA로 포화 판정
수확 체감 마케팅,포화·한계효율,정보성,하,캠페인 포화도 진단,그로스 마케터,개념 해설,응답곡선으로 증액 여지 확인
증분성 측정 방법,증분·인과,정보성,상,증분 분석,그로스 마케터,실무 가이드,홀드아웃 3방법으로 순증분 계산
인크리멘탈리티 테스트,증분·인과,정보성,상,증분 분석,퍼포먼스 마케터,실무 가이드,통제군·전후 비교·DiD 지원
홀드아웃 테스트 설계,증분·인과,정보성,중,증분 분석,그로스 마케터,How-to,무작위 홀드아웃이 인과의 조건
광고 기여도 측정,증분·인과,정보성,상,마케팅 반응 분석,퍼포먼스 마케터,실무 가이드,어차피 전환됐을 몫 걷어내기
마케팅 믹스 모델링,MMM·어트리뷰션,정보성,상,마케팅 반응 분석(MMM),그로스 리드,심화 가이드,adstock·포화 반영 기여 분해
MMM 이란,MMM·어트리뷰션,정보성,중,마케팅 반응 분석(MMM),주니어 마케터,개념 해설,비싼 솔루션 없이 MMM 맛보기
어트리뷰션 모델 비교,MMM·어트리뷰션,정보성,중,마케팅 반응 분석,퍼포먼스 마케터,비교 콘텐츠,연관과 인과의 차이 강조
채널 기여도 분석,MMM·어트리뷰션,정보성,중,마케팅 반응 분석·PVM,퍼포먼스 마케터,실무 가이드,카니발라이제이션 진단 포함
카니발라이제이션 분석,MMM·어트리뷰션,정보성,하,마케팅 반응 분석,그로스 마케터,개념 해설,오가닉 vs 페이드 잠식 진단
A/B 테스트 방법,A/B 실험,정보성,상,실험 분석,퍼포먼스 마케터,How-to,통계적 유의성·검정력까지 판독
AB테스트 표본 크기 계산,A/B 실험,정보성,중,실험 분석,그로스 마케터,계산 가이드,필요 표본을 미리 산출
AB테스트 유의성 해석,A/B 실험,정보성,중,실험 분석,주니어 마케터,개념 해설,베이지안·z검정 결과 읽는 법
마케팅 KPI 설정,KPI·지표,정보성,상,운영 대시보드,그로스 리드,실무 가이드,목표 우선 사고로 지표 선택
퍼포먼스 마케팅 지표,KPI·지표,정보성,상,운영 대시보드,주니어 마케터,기초 개념,CPI·CPA·ROAS 한 화면에서
LTV 계산 방법,KPI·지표,정보성,중,운영 대시보드(LTV:CAC),퍼포먼스 마케터,실무 가이드,LTV:CAC·ROAS 성숙도 곡선
코호트 분석 방법,KPI·지표,정보성,중,운영 대시보드(코호트),그로스 마케터,실무 가이드,모수 가중 리텐션 정확 계산
리텐션 분석,KPI·지표,정보성,중,운영 대시보드·핵심 가치 발굴,그로스 마케터,실무 가이드,정착 유도하는 초기 행동 탐색
GA4 대체 툴,GA4·무료툴,거래형,상,전체,퍼포먼스 마케터,비교 콘텐츠,GA4가 안 하는 의사결정 분석 보완
GA4 분석 한계,GA4·무료툴,정보성,상,전체,퍼포먼스 마케터,오피니언,수집은 GA4·판단은 우리 툴
무료 마케팅 분석 툴,GA4·무료툴,거래형,상,전체,주니어 마케터,리스트/비교,가입·결제 없이 CSV로 바로
앱 마케팅 지표,앱마케팅,정보성,중,운영 대시보드,주니어 마케터,기초 개념,MMP 데이터로 KPI 진단
MMP 데이터 분석,앱마케팅,정보성,하,전체,퍼포먼스 마케터,실무 가이드,매체 리포트 CSV를 분석 레이어로
콘텐츠 마케팅 성과 측정,콘텐츠(신규),정보성,상,콘텐츠 요소 분석기,콘텐츠 마케터,실무 가이드,어떤 요소가 CTR을 올리나 회귀로
인스타그램 인사이트 분석법,콘텐츠(신규),정보성,상,콘텐츠 요소 분석기,콘텐츠 마케터,How-to,게시물 속성별 반응 요인 분해
블로그 트래픽 분석,콘텐츠(신규),정보성,중,콘텐츠 트래픽 변동 탐지,콘텐츠 마케터,실무 가이드,트래픽 변동을 유입 채널로 귀속
킬러 콘텐츠 찾는 법,콘텐츠(신규),정보성,중,킬러 콘텐츠 발굴,콘텐츠 마케터,How-to,구독 전환 이끄는 콘텐츠 F1·Lift
뉴스레터 구독 전환율 높이기,콘텐츠(신규),거래형,중,킬러 콘텐츠 발굴,콘텐츠 마케터,How-to,전환 동인 콘텐츠를 온보딩 입구에
